{"cameraMode":{"drawMode":0,"name":"Shaded","section":"Shading Mode"},"sceneLighting":true,"audioPlay":false,"sceneViewState":{"m_AlwaysRefresh":false,"showFog":true,"showSkybox":true,"showFlares":true,"showImageEffects":true,"showParticleSystems":true,"showVisualEffectGraphs":true,"m_FxEnabled":true},"in2DMode":false,"pivot":{"x":-0.0661969780921936,"y":2.1206419467926027,"z":0.9049391746520996},"rotation":{"x":-0.029919011518359185,"y":0.15885010361671449,"z":-0.004821678623557091,"w":-0.9868442416191101},"size":2.844381809234619,"orthographic":false}