{"cameraMode":{"drawMode":0,"name":"Shaded","section":"Shading Mode"},"sceneLighting":false,"audioPlay":false,"sceneViewState":{"showFog":true,"showMaterialUpdate":false,"showSkybox":false,"showFlares":true,"showImageEffects":true,"showParticleSystems":true},"in2DMode":false,"pivot":{"x":2.682209014892578e-7,"y":0.1980607807636261,"z":0.0005479156970977783},"rotation":{"x":-0.3220842182636261,"y":0.2893778085708618,"z":-0.10409821569919586,"w":-0.895371675491333},"size":0.34875422716140749,"orthographic":false}